<?xml version="1.0" encoding="UTF-8"?>
<documento xmlns="http://www.dsi.unifi.it/PNGraphics1">
    <blocco>
        <place_draw id="p9">
            <coordinate x="1350.0" y="480.0"/>
            <boxnome>
                <testo>p7</testo>
                <coordinate x="1350.0" y="510.0"/>
            </boxnome>
        </place_draw>
        <place_draw id="p7">
            <coordinate x="990.0" y="300.0"/>
            <boxnome>
                <testo>p2</testo>
                <coordinate x="990.0" y="330.0"/>
            </boxnome>
        </place_draw>
        <place_draw id="p6">
            <coordinate x="630.0" y="300.0"/>
            <boxnome>
                <testo>p1</testo>
                <coordinate x="630.0" y="330.0"/>
            </boxnome>
        </place_draw>
        <place_draw id="p8">
            <coordinate x="990.0" y="390.0"/>
            <boxnome>
                <testo>p18</testo>
                <coordinate x="990.0" y="420.0"/>
            </boxnome>
        </place_draw>
        <place_draw id="p11">
            <coordinate x="1710.0" y="480.0"/>
            <boxnome>
                <testo>p8</testo>
                <coordinate x="1710.0" y="510.0"/>
            </boxnome>
        </place_draw>
        <place_draw id="p10">
            <coordinate x="1890.0" y="630.0"/>
            <boxnome>
                <testo>p19</testo>
                <coordinate x="1890.0" y="660.0"/>
            </boxnome>
        </place_draw>
        <place_draw id="p21">
            <coordinate x="1710.0" y="780.0"/>
            <boxnome>
                <testo>p14</testo>
                <coordinate x="1710.0" y="810.0"/>
            </boxnome>
        </place_draw>
        <place_draw id="p18">
            <coordinate x="1350.0" y="780.0"/>
            <boxnome>
                <testo>p13</testo>
                <coordinate x="1350.0" y="810.0"/>
            </boxnome>
        </place_draw>
        <place_draw id="p17">
            <coordinate x="990.0" y="780.0"/>
            <boxnome>
                <testo>p12</testo>
                <coordinate x="990.0" y="810.0"/>
            </boxnome>
        </place_draw>
        <place_draw id="p19">
            <coordinate x="630.0" y="900.0"/>
            <boxnome>
                <testo>p15</testo>
                <coordinate x="630.0" y="930.0"/>
            </boxnome>
        </place_draw>
        <place_draw id="p20">
            <coordinate x="900.0" y="990.0"/>
            <boxnome>
                <testo>p20</testo>
                <coordinate x="870.0" y="1020.0"/>
            </boxnome>
        </place_draw>
        <place_draw id="p1">
            <coordinate x="630.0" y="480.0"/>
            <boxnome>
                <testo>p5</testo>
                <coordinate x="630.0" y="510.0"/>
            </boxnome>
        </place_draw>
        <place_draw id="p0">
            <coordinate x="630.0" y="180.0"/>
            <boxnome>
                <testo>p0</testo>
                <coordinate x="630.0" y="210.0"/>
            </boxnome>
        </place_draw>
        <place_draw id="p3">
            <coordinate x="630.0" y="780.0"/>
            <boxnome>
                <testo>p11</testo>
                <coordinate x="630.0" y="810.0"/>
            </boxnome>
        </place_draw>
        <place_draw id="p4">
            <coordinate x="990.0" y="480.0"/>
            <boxnome>
                <testo>p6</testo>
                <coordinate x="990.0" y="510.0"/>
            </boxnome>
        </place_draw>
        <place_draw id="p14">
            <coordinate x="630.0" y="630.0"/>
            <boxnome>
                <testo>p9</testo>
                <coordinate x="630.0" y="660.0"/>
            </boxnome>
        </place_draw>
        <place_draw id="p15">
            <coordinate x="990.0" y="630.0"/>
            <boxnome>
                <testo>p10</testo>
                <coordinate x="990.0" y="660.0"/>
            </boxnome>
        </place_draw>
        <place_draw id="p27">
            <coordinate x="630.0" y="1320.0"/>
            <boxnome>
                <testo>p17</testo>
                <coordinate x="630.0" y="1350.0"/>
            </boxnome>
        </place_draw>
        <place_draw id="p26">
            <coordinate x="60.0" y="480.0"/>
            <boxnome>
                <testo>p3</testo>
                <coordinate x="60.0" y="510.0"/>
            </boxnome>
        </place_draw>
        <place_draw id="p25">
            <coordinate x="330.0" y="480.0"/>
            <boxnome>
                <testo>p4</testo>
                <coordinate x="330.0" y="510.0"/>
            </boxnome>
        </place_draw>
        <place_draw id="p24">
            <coordinate x="630.0" y="1200.0"/>
            <boxnome>
                <testo>p16</testo>
                <coordinate x="630.0" y="1230.0"/>
            </boxnome>
        </place_draw>
        <transition_draw id="t12" direzione="0">
            <coordinate x="1890.0" y="480.0"/>
            <boxnome>
                <testo>t10</testo>
                <coordinate x="1890.0" y="510.0"/>
            </boxnome>
            <boxtempo>
                <coordinate x="1830.0" y="450.0"/>
            </boxtempo>
            <boxrisorse>
                <coordinate x="1890.0" y="450.0"/>
            </boxrisorse>
        </transition_draw>
        <transition_draw id="t10" direzione="0">
            <coordinate x="1530.0" y="480.0"/>
            <boxnome>
                <testo>t9</testo>
                <coordinate x="1530.0" y="510.0"/>
            </boxnome>
            <boxtempo>
                <coordinate x="1500.0" y="450.0"/>
            </boxtempo>
            <boxrisorse>
                <coordinate x="1530.0" y="450.0"/>
            </boxrisorse>
        </transition_draw>
        <transition_draw id="t9" direzione="0">
            <coordinate x="1170.0" y="480.0"/>
            <boxnome>
                <testo>t8</testo>
                <coordinate x="1170.0" y="510.0"/>
            </boxnome>
            <boxtempo>
                <coordinate x="1110.0" y="450.0"/>
            </boxtempo>
            <boxrisorse>
                <coordinate x="1170.0" y="450.0"/>
            </boxrisorse>
        </transition_draw>
        <transition_draw id="t8" direzione="0">
            <coordinate x="1170.0" y="300.0"/>
            <boxnome>
                <testo>t4</testo>
                <coordinate x="1170.0" y="330.0"/>
            </boxnome>
            <boxtempo>
                <coordinate x="1110.0" y="270.0"/>
            </boxtempo>
            <boxrisorse>
                <coordinate x="1170.0" y="270.0"/>
            </boxrisorse>
        </transition_draw>
        <transition_draw id="t7" direzione="0">
            <coordinate x="810.0" y="300.0"/>
            <boxnome>
                <testo>t3</testo>
                <coordinate x="810.0" y="330.0"/>
            </boxnome>
            <boxtempo>
                <coordinate x="750.0" y="270.0"/>
            </boxtempo>
            <boxrisorse>
                <coordinate x="810.0" y="270.0"/>
            </boxrisorse>
        </transition_draw>
        <transition_draw id="t5" direzione="0">
            <coordinate x="450.0" y="300.0"/>
            <boxnome>
                <testo>t2</testo>
                <coordinate x="450.0" y="330.0"/>
            </boxnome>
            <boxtempo>
                <coordinate x="450.0" y="270.0"/>
            </boxtempo>
            <boxrisorse>
                <coordinate x="456.0" y="297.0"/>
            </boxrisorse>
        </transition_draw>
        <transition_draw id="t22" direzione="0">
            <coordinate x="1890.0" y="780.0"/>
            <boxnome>
                <testo>t18</testo>
                <coordinate x="1890.0" y="810.0"/>
            </boxnome>
            <boxtempo>
                <coordinate x="1830.0" y="750.0"/>
            </boxtempo>
            <boxrisorse>
                <coordinate x="1890.0" y="750.0"/>
            </boxrisorse>
        </transition_draw>
        <transition_draw id="t20" direzione="0">
            <coordinate x="1530.0" y="780.0"/>
            <boxnome>
                <testo>t17</testo>
                <coordinate x="1530.0" y="810.0"/>
            </boxnome>
            <boxtempo>
                <coordinate x="1470.0" y="750.0"/>
            </boxtempo>
            <boxrisorse>
                <coordinate x="1530.0" y="750.0"/>
            </boxrisorse>
        </transition_draw>
        <transition_draw id="t19" direzione="0">
            <coordinate x="1170.0" y="780.0"/>
            <boxnome>
                <testo>t16</testo>
                <coordinate x="1170.0" y="810.0"/>
            </boxnome>
            <boxtempo>
                <coordinate x="1140.0" y="750.0"/>
            </boxtempo>
            <boxrisorse>
                <coordinate x="1170.0" y="750.0"/>
            </boxrisorse>
        </transition_draw>
        <transition_draw id="t17" direzione="0">
            <coordinate x="450.0" y="780.0"/>
            <boxnome>
                <testo>t14</testo>
                <coordinate x="450.0" y="810.0"/>
            </boxnome>
            <boxtempo>
                <coordinate x="450.0" y="750.0"/>
            </boxtempo>
            <boxrisorse>
                <coordinate x="456.0" y="777.0"/>
            </boxrisorse>
        </transition_draw>
        <transition_draw id="t21" direzione="0">
            <coordinate x="450.0" y="900.0"/>
            <boxnome>
                <testo>t19</testo>
                <coordinate x="450.0" y="930.0"/>
            </boxnome>
            <boxtempo>
                <coordinate x="450.0" y="870.0"/>
            </boxtempo>
            <boxrisorse>
                <coordinate x="456.0" y="897.0"/>
            </boxrisorse>
        </transition_draw>
        <transition_draw id="t23" direzione="0">
            <coordinate x="810.0" y="900.0"/>
            <boxnome>
                <testo>t20</testo>
                <coordinate x="840.0" y="930.0"/>
            </boxnome>
            <boxtempo>
                <coordinate x="750.0" y="870.0"/>
            </boxtempo>
            <boxrisorse>
                <coordinate x="810.0" y="870.0"/>
            </boxrisorse>
        </transition_draw>
        <transition_draw id="t26" direzione="0">
            <coordinate x="990.0" y="1080.0"/>
            <boxnome>
                <testo>t21</testo>
                <coordinate x="990.0" y="1110.0"/>
            </boxnome>
            <boxtempo>
                <coordinate x="930.0" y="1050.0"/>
            </boxtempo>
            <boxrisorse>
                <coordinate x="990.0" y="1050.0"/>
            </boxrisorse>
        </transition_draw>
        <transition_draw id="t2" direzione="0">
            <coordinate x="450.0" y="480.0"/>
            <boxnome>
                <testo>t6</testo>
                <coordinate x="450.0" y="510.0"/>
            </boxnome>
            <boxtempo>
                <coordinate x="450.0" y="450.0"/>
            </boxtempo>
            <boxrisorse>
                <coordinate x="456.0" y="477.0"/>
            </boxrisorse>
        </transition_draw>
        <transition_draw id="t0" direzione="0">
            <coordinate x="450.0" y="180.0"/>
            <boxnome>
                <testo>t0</testo>
                <coordinate x="450.0" y="210.0"/>
            </boxnome>
            <boxtempo>
                <coordinate x="450.0" y="150.0"/>
            </boxtempo>
            <boxrisorse>
                <coordinate x="450.0" y="150.0"/>
            </boxrisorse>
        </transition_draw>
        <transition_draw id="t1" direzione="0">
            <coordinate x="810.0" y="180.0"/>
            <boxnome>
                <testo>t1</testo>
                <coordinate x="810.0" y="210.0"/>
            </boxnome>
            <boxtempo>
                <coordinate x="750.0" y="150.0"/>
            </boxtempo>
            <boxrisorse>
                <coordinate x="810.0" y="150.0"/>
            </boxrisorse>
        </transition_draw>
        <transition_draw id="t4" direzione="0">
            <coordinate x="810.0" y="780.0"/>
            <boxnome>
                <testo>t15</testo>
                <coordinate x="810.0" y="810.0"/>
            </boxnome>
            <boxtempo>
                <coordinate x="780.0" y="750.0"/>
            </boxtempo>
            <boxrisorse>
                <coordinate x="810.0" y="750.0"/>
            </boxrisorse>
        </transition_draw>
        <transition_draw id="t6" direzione="0">
            <coordinate x="810.0" y="480.0"/>
            <boxnome>
                <testo>t7</testo>
                <coordinate x="810.0" y="510.0"/>
            </boxnome>
            <boxtempo>
                <coordinate x="780.0" y="450.0"/>
            </boxtempo>
            <boxrisorse>
                <coordinate x="810.0" y="450.0"/>
            </boxrisorse>
        </transition_draw>
        <transition_draw id="t13" direzione="0">
            <coordinate x="450.0" y="630.0"/>
            <boxnome>
                <testo>t11</testo>
                <coordinate x="450.0" y="660.0"/>
            </boxnome>
            <boxtempo>
                <coordinate x="450.0" y="600.0"/>
            </boxtempo>
            <boxrisorse>
                <coordinate x="456.0" y="627.0"/>
            </boxrisorse>
        </transition_draw>
        <transition_draw id="t15" direzione="0">
            <coordinate x="810.0" y="630.0"/>
            <boxnome>
                <testo>t12</testo>
                <coordinate x="810.0" y="660.0"/>
            </boxnome>
            <boxtempo>
                <coordinate x="780.0" y="600.0"/>
            </boxtempo>
            <boxrisorse>
                <coordinate x="810.0" y="600.0"/>
            </boxrisorse>
        </transition_draw>
        <transition_draw id="t16" direzione="0">
            <coordinate x="1170.0" y="630.0"/>
            <boxnome>
                <testo>t13</testo>
                <coordinate x="1170.0" y="660.0"/>
            </boxnome>
            <boxtempo>
                <coordinate x="1110.0" y="600.0"/>
            </boxtempo>
            <boxrisorse>
                <coordinate x="1170.0" y="600.0"/>
            </boxrisorse>
        </transition_draw>
        <transition_draw id="t29" direzione="0">
            <coordinate x="450.0" y="1320.0"/>
            <boxnome>
                <testo>t24</testo>
                <coordinate x="450.0" y="1350.0"/>
            </boxnome>
            <boxtempo>
                <coordinate x="450.0" y="1290.0"/>
            </boxtempo>
            <boxrisorse>
                <coordinate x="456.0" y="1317.0"/>
            </boxrisorse>
        </transition_draw>
        <transition_draw id="t31" direzione="0">
            <coordinate x="810.0" y="1320.0"/>
            <boxnome>
                <testo>t25</testo>
                <coordinate x="810.0" y="1350.0"/>
            </boxnome>
            <boxtempo>
                <coordinate x="750.0" y="1290.0"/>
            </boxtempo>
            <boxrisorse>
                <coordinate x="810.0" y="1290.0"/>
            </boxrisorse>
        </transition_draw>
        <transition_draw id="t30" direzione="0">
            <coordinate x="210.0" y="480.0"/>
            <boxnome>
                <testo>t5</testo>
                <coordinate x="210.0" y="510.0"/>
            </boxnome>
            <boxtempo>
                <coordinate x="210.0" y="450.0"/>
            </boxtempo>
            <boxrisorse>
                <coordinate x="216.0" y="477.0"/>
            </boxrisorse>
        </transition_draw>
        <transition_draw id="t27" direzione="0">
            <coordinate x="450.0" y="1200.0"/>
            <boxnome>
                <testo>t22</testo>
                <coordinate x="450.0" y="1230.0"/>
            </boxnome>
            <boxtempo>
                <coordinate x="450.0" y="1170.0"/>
            </boxtempo>
            <boxrisorse>
                <coordinate x="456.0" y="1197.0"/>
            </boxrisorse>
        </transition_draw>
        <transition_draw id="t28" direzione="0">
            <coordinate x="810.0" y="1200.0"/>
            <boxnome>
                <testo>t23</testo>
                <coordinate x="810.0" y="1230.0"/>
            </boxnome>
            <boxtempo>
                <coordinate x="750.0" y="1170.0"/>
            </boxtempo>
            <boxrisorse>
                <coordinate x="810.0" y="1170.0"/>
            </boxrisorse>
        </transition_draw>
        <link id="a3">
            <sorgente>p11</sorgente>
            <destinazione>t12</destinazione>
            <nodo>
                <coordinate x="1800.0" y="480.0"/>
            </nodo>
        </link>
        <link id="a27">
            <sorgente>t12</sorgente>
            <destinazione>p10</destinazione>
            <nodo>
                <coordinate x="1980.0" y="480.0"/>
            </nodo>
            <nodo>
                <coordinate x="1980.0" y="540.0"/>
            </nodo>
        </link>
        <link id="a21">
            <sorgente>p9</sorgente>
            <destinazione>t10</destinazione>
            <nodo>
                <coordinate x="1440.0" y="480.0"/>
            </nodo>
        </link>
        <link id="a22">
            <sorgente>p10</sorgente>
            <destinazione>t10</destinazione>
            <nodo>
                <coordinate x="2010.0" y="600.0"/>
            </nodo>
            <nodo>
                <coordinate x="2010.0" y="420.0"/>
            </nodo>
            <nodo>
                <coordinate x="1470.0" y="420.0"/>
            </nodo>
            <nodo>
                <coordinate x="1470.0" y="450.0"/>
            </nodo>
        </link>
        <link id="a24">
            <sorgente>t10</sorgente>
            <destinazione>p11</destinazione>
            <nodo>
                <coordinate x="1620.0" y="480.0"/>
            </nodo>
        </link>
        <link id="a23">
            <sorgente>p4</sorgente>
            <destinazione>t9</destinazione>
            <nodo>
                <coordinate x="1086.0" y="480.0"/>
            </nodo>
        </link>
        <link id="a20">
            <sorgente>t9</sorgente>
            <destinazione>p9</destinazione>
            <nodo>
                <coordinate x="1260.0" y="480.0"/>
            </nodo>
        </link>
        <link id="a16">
            <sorgente>p7</sorgente>
            <destinazione>t8</destinazione>
            <nodo>
                <coordinate x="1080.0" y="300.0"/>
            </nodo>
        </link>
        <link id="a17">
            <sorgente>t8</sorgente>
            <destinazione>p8</destinazione>
            <nodo>
                <coordinate x="1140.0" y="330.0"/>
            </nodo>
            <nodo>
                <coordinate x="1140.0" y="390.0"/>
            </nodo>
        </link>
        <link id="a12">
            <sorgente>p6</sorgente>
            <destinazione>t7</destinazione>
            <nodo>
                <coordinate x="720.0" y="300.0"/>
            </nodo>
        </link>
        <link id="a15">
            <sorgente>t7</sorgente>
            <destinazione>p7</destinazione>
            <nodo>
                <coordinate x="900.0" y="300.0"/>
            </nodo>
        </link>
        <link id="a0">
            <sorgente>t5</sorgente>
            <destinazione>p6</destinazione>
            <nodo>
                <coordinate x="540.0" y="300.0"/>
            </nodo>
        </link>
        <link id="a46">
            <sorgente>p21</sorgente>
            <destinazione>t22</destinazione>
            <nodo>
                <coordinate x="1800.0" y="780.0"/>
            </nodo>
        </link>
        <link id="a4">
            <sorgente>t22</sorgente>
            <destinazione>p10</destinazione>
            <nodo>
                <coordinate x="2010.0" y="780.0"/>
            </nodo>
            <nodo>
                <coordinate x="2010.0" y="660.0"/>
            </nodo>
        </link>
        <link id="a41">
            <sorgente>p18</sorgente>
            <destinazione>t20</destinazione>
            <nodo>
                <coordinate x="1440.0" y="780.0"/>
            </nodo>
        </link>
        <link id="a45">
            <sorgente>t20</sorgente>
            <destinazione>p21</destinazione>
            <nodo>
                <coordinate x="1620.0" y="780.0"/>
            </nodo>
        </link>
        <link id="a42">
            <sorgente>p10</sorgente>
            <destinazione>t19</destinazione>
            <nodo>
                <coordinate x="1860.0" y="720.0"/>
            </nodo>
            <nodo>
                <coordinate x="1110.0" y="720.0"/>
            </nodo>
            <nodo>
                <coordinate x="1110.0" y="750.0"/>
            </nodo>
        </link>
        <link id="a39">
            <sorgente>p17</sorgente>
            <destinazione>t19</destinazione>
            <nodo>
                <coordinate x="1080.0" y="780.0"/>
            </nodo>
        </link>
        <link id="a40">
            <sorgente>t19</sorgente>
            <destinazione>p18</destinazione>
            <nodo>
                <coordinate x="1260.0" y="780.0"/>
            </nodo>
        </link>
        <link id="a11">
            <sorgente>t17</sorgente>
            <destinazione>p3</destinazione>
            <nodo>
                <coordinate x="534.0" y="780.0"/>
            </nodo>
        </link>
        <link id="a44">
            <sorgente>t21</sorgente>
            <destinazione>p19</destinazione>
            <nodo>
                <coordinate x="540.0" y="900.0"/>
            </nodo>
        </link>
        <link id="a48">
            <sorgente>p19</sorgente>
            <destinazione>t23</destinazione>
            <nodo>
                <coordinate x="720.0" y="900.0"/>
            </nodo>
        </link>
        <link id="a47">
            <sorgente>t23</sorgente>
            <destinazione>p20</destinazione>
            <nodo>
                <coordinate x="810.0" y="990.0"/>
            </nodo>
        </link>
        <link id="a9">
            <sorgente>p20</sorgente>
            <destinazione>t26</destinazione>
            <nodo>
                <coordinate x="900.0" y="1080.0"/>
            </nodo>
        </link>
        <link id="a6">
            <sorgente>p25</sorgente>
            <destinazione>t2</destinazione>
            <nodo>
                <coordinate x="396.0" y="480.0"/>
            </nodo>
        </link>
        <link id="a7">
            <sorgente>t2</sorgente>
            <destinazione>p1</destinazione>
            <nodo>
                <coordinate x="540.0" y="480.0"/>
            </nodo>
        </link>
        <link id="a10">
            <sorgente>t2</sorgente>
            <destinazione>p25</destinazione>
            <nodo>
                <coordinate x="396.0" y="480.0"/>
            </nodo>
        </link>
        <link id="a1">
            <sorgente>t0</sorgente>
            <destinazione>p0</destinazione>
            <nodo>
                <coordinate x="540.0" y="180.0"/>
            </nodo>
        </link>
        <link id="a2">
            <sorgente>p0</sorgente>
            <destinazione>t1</destinazione>
            <nodo>
                <coordinate x="720.0" y="180.0"/>
            </nodo>
        </link>
        <link id="a13">
            <sorgente>p3</sorgente>
            <destinazione>t4</destinazione>
            <nodo>
                <coordinate x="726.0" y="780.0"/>
            </nodo>
        </link>
        <link id="a14">
            <sorgente>t4</sorgente>
            <destinazione>p17</destinazione>
            <nodo>
                <coordinate x="894.0" y="780.0"/>
            </nodo>
        </link>
        <link id="a8">
            <sorgente>p1</sorgente>
            <destinazione>t6</destinazione>
            <nodo>
                <coordinate x="726.0" y="480.0"/>
            </nodo>
        </link>
        <link id="a19">
            <sorgente>p8</sorgente>
            <destinazione>t6</destinazione>
            <nodo>
                <coordinate x="750.0" y="390.0"/>
            </nodo>
            <nodo>
                <coordinate x="750.0" y="450.0"/>
            </nodo>
        </link>
        <link id="a18">
            <sorgente>t6</sorgente>
            <destinazione>p4</destinazione>
            <nodo>
                <coordinate x="894.0" y="480.0"/>
            </nodo>
        </link>
        <link id="a5">
            <sorgente>t13</sorgente>
            <destinazione>p14</destinazione>
            <nodo>
                <coordinate x="540.0" y="630.0"/>
            </nodo>
        </link>
        <link id="a31">
            <sorgente>p10</sorgente>
            <destinazione>t15</destinazione>
            <nodo>
                <coordinate x="1860.0" y="570.0"/>
            </nodo>
            <nodo>
                <coordinate x="750.0" y="570.0"/>
            </nodo>
            <nodo>
                <coordinate x="750.0" y="600.0"/>
            </nodo>
        </link>
        <link id="a32">
            <sorgente>p14</sorgente>
            <destinazione>t15</destinazione>
            <nodo>
                <coordinate x="720.0" y="630.0"/>
            </nodo>
        </link>
        <link id="a33">
            <sorgente>t15</sorgente>
            <destinazione>p15</destinazione>
            <nodo>
                <coordinate x="900.0" y="630.0"/>
            </nodo>
        </link>
        <link id="a34">
            <sorgente>p15</sorgente>
            <destinazione>t16</destinazione>
            <nodo>
                <coordinate x="1080.0" y="630.0"/>
            </nodo>
        </link>
        <link id="a35">
            <sorgente>t16</sorgente>
            <destinazione>p10</destinazione>
            <nodo>
                <coordinate x="1710.0" y="630.0"/>
            </nodo>
        </link>
        <link id="a60">
            <sorgente>t29</sorgente>
            <destinazione>p27</destinazione>
            <nodo>
                <coordinate x="540.0" y="1320.0"/>
            </nodo>
        </link>
        <link id="a61">
            <sorgente>p27</sorgente>
            <destinazione>t31</destinazione>
            <nodo>
                <coordinate x="720.0" y="1320.0"/>
            </nodo>
        </link>
        <link id="a58">
            <sorgente>p26</sorgente>
            <destinazione>t30</destinazione>
            <nodo>
                <coordinate x="120.0" y="480.0"/>
            </nodo>
        </link>
        <link id="a59">
            <sorgente>t30</sorgente>
            <destinazione>p25</destinazione>
            <nodo>
                <coordinate x="270.0" y="480.0"/>
            </nodo>
        </link>
        <link id="a54">
            <sorgente>t27</sorgente>
            <destinazione>p24</destinazione>
            <nodo>
                <coordinate x="540.0" y="1200.0"/>
            </nodo>
        </link>
        <link id="a55">
            <sorgente>p24</sorgente>
            <destinazione>t28</destinazione>
            <nodo>
                <coordinate x="720.0" y="1200.0"/>
            </nodo>
        </link>
    </blocco>
</documento>