<?xml version="1.0" encoding="UTF-8"?>
<net name="C:\Documents and Settings\Administrator\My Documents\Rover-WS\Rover\PTPN_1\PTPN_1.pef.xml" type="PTPN" xmlns="http://www.dsi.unifi.it/PN1">
    <resource id="r0" name="cpu"/>
    <place id="p9" id_place="9" name="p_32w" tokens="0"/>
    <place id="p7" id_place="7" name="p_22e" tokens="0"/>
    <place id="p6" id_place="6" name="p_21e" tokens="0"/>
    <place id="p8" id_place="8" name="cmd" tokens="0"/>
    <place id="p11" id_place="11" name="p_32e" tokens="0"/>
    <place id="p10" id_place="10" name="mov" tokens="1"/>
    <place id="p21" id_place="21" name="p_52e" tokens="0"/>
    <place id="p18" id_place="18" name="p_51e" tokens="0"/>
    <place id="p17" id_place="17" name="p_51w" tokens="0"/>
    <place id="p19" id_place="19" name="t_61e" tokens="0"/>
    <place id="p20" id_place="20" name="prs" tokens="0"/>
    <place id="p1" id_place="1" name="p_31g" tokens="0"/>
    <place id="p0" id_place="0" name="p_11e" tokens="0"/>
    <place id="p3" id_place="3" name="p_51b" tokens="0"/>
    <place id="p4" id_place="4" name="p_31e" tokens="0"/>
    <place id="p14" id_place="14" name="p_41w" tokens="0"/>
    <place id="p15" id_place="15" name="p_41e" tokens="0"/>
    <place id="p27" id_place="27" name="p_91e" tokens="0"/>
    <place id="p26" id_place="26" name="p_3o" tokens="1"/>
    <place id="p25" id_place="25" name="p_3r" tokens="0"/>
    <place id="p24" id_place="24" name="p_81e" tokens="0"/>
    <transition id="t12" id_trans="12" name="t_32e" type="preempted" weight="1" priority="3">
        <transition_resource ref="r0"/>
        <time EFT="800" LFT="900"/>
    </transition>
    <transition id="t10" id_trans="10" name="t_32w" type="preempted" weight="1" priority="3">
        <transition_resource ref="r0"/>
        <time EFT="0" LFT="0"/>
    </transition>
    <transition id="t9" id_trans="9" name="t_31e" type="preempted" weight="1" priority="3">
        <transition_resource ref="r0"/>
        <time EFT="50" LFT="75"/>
    </transition>
    <transition id="t8" id_trans="8" name="t_22e" type="preempted" weight="1" priority="3">
        <transition_resource ref="r0"/>
        <time EFT="50" LFT="100"/>
    </transition>
    <transition id="t7" id_trans="7" name="t_21e" type="preempted" weight="1" priority="3">
        <transition_resource ref="r0"/>
        <time EFT="100" LFT="125"/>
    </transition>
    <transition id="t5" id_trans="5" name="t_2r" type="preempted" weight="1" priority="0">
        <time EFT="5000" LFT="5000"/>
    </transition>
    <transition id="t22" id_trans="22" name="t_52e" type="preempted" weight="1" priority="3">
        <transition_resource ref="r0"/>
        <time EFT="600" LFT="900"/>
    </transition>
    <transition id="t20" id_trans="20" name="t_51e" type="preempted" weight="1" priority="3">
        <transition_resource ref="r0"/>
        <time EFT="900" LFT="1100"/>
    </transition>
    <transition id="t19" id_trans="19" name="t_51w" type="preempted" weight="1" priority="3">
        <transition_resource ref="r0"/>
        <time EFT="0" LFT="0"/>
    </transition>
    <transition id="t17" id_trans="17" name="t_5r" type="preempted" weight="1" priority="0">
        <time EFT="20000" LFT="20000"/>
    </transition>
    <transition id="t21" id_trans="21" name="t_6r" type="preempted" weight="1" priority="0">
        <time EFT="10000" LFT="10000"/>
    </transition>
    <transition id="t23" id_trans="23" name="t_61e" type="preempted" weight="1" priority="1">
        <transition_resource ref="r0"/>
        <time EFT="500" LFT="750"/>
    </transition>
    <transition id="t26" id_trans="26" name="t_71e" type="preempted" weight="1" priority="1">
        <transition_resource ref="r0"/>
        <time EFT="250" LFT="500"/>
    </transition>
    <transition id="t2" id_trans="2" name="t_3r" type="preempted" weight="1" priority="0">
        <time EFT="5000" LFT="5000"/>
    </transition>
    <transition id="t0" id_trans="0" name="t_1r" type="preempted" weight="1" priority="0">
        <time EFT="10000" LFT="-1"/>
    </transition>
    <transition id="t1" id_trans="1" name="t_11e" type="preempted" weight="1" priority="4">
        <transition_resource ref="r0"/>
        <time EFT="200" LFT="250"/>
    </transition>
    <transition id="t4" id_trans="4" name="t_51b" type="preempted" weight="1" priority="2">
        <transition_resource ref="r0"/>
        <time EFT="0" LFT="0"/>
    </transition>
    <transition id="t6" id_trans="6" name="t_31g" type="preempted" weight="1" priority="3">
        <transition_resource ref="r0"/>
        <time EFT="0" LFT="0"/>
    </transition>
    <transition id="t13" id_trans="13" name="t_4r" type="preempted" weight="1" priority="0">
        <time EFT="10000" LFT="10000"/>
    </transition>
    <transition id="t15" id_trans="15" name="t_41w" type="preempted" weight="1" priority="3">
        <transition_resource ref="r0"/>
        <time EFT="0" LFT="0"/>
    </transition>
    <transition id="t16" id_trans="16" name="t_41e" type="preempted" weight="1" priority="3">
        <transition_resource ref="r0"/>
        <time EFT="200" LFT="250"/>
    </transition>
    <transition id="t29" id_trans="29" name="t_9r" type="preempted" weight="1" priority="0">
        <time EFT="10000" LFT="10000"/>
    </transition>
    <transition id="t31" id_trans="31" name="t_91e" type="preempted" weight="1" priority="1">
        <transition_resource ref="r0"/>
        <time EFT="750" LFT="1000"/>
    </transition>
    <transition id="t30" id_trans="30" name="t_3o" type="preempted" weight="1" priority="0">
        <time EFT="2500" LFT="2500"/>
    </transition>
    <transition id="t27" id_trans="27" name="t_8r" type="preempted" weight="1" priority="0">
        <time EFT="10000" LFT="10000"/>
    </transition>
    <transition id="t28" id_trans="28" name="t_81e" type="preempted" weight="1" priority="1">
        <transition_resource ref="r0"/>
        <time EFT="500" LFT="750"/>
    </transition>
    <arc id="a3" id_arc="3" weight="1" type="pre" source="p11" destination="t12"/>
    <arc id="a27" id_arc="27" weight="1" type="post" source="t12" destination="p10"/>
    <arc id="a21" id_arc="21" weight="1" type="pre" source="p9" destination="t10"/>
    <arc id="a22" id_arc="22" weight="1" type="pre" source="p10" destination="t10"/>
    <arc id="a24" id_arc="24" weight="1" type="post" source="t10" destination="p11"/>
    <arc id="a23" id_arc="23" weight="1" type="pre" source="p4" destination="t9"/>
    <arc id="a20" id_arc="20" weight="1" type="post" source="t9" destination="p9"/>
    <arc id="a16" id_arc="16" weight="1" type="pre" source="p7" destination="t8"/>
    <arc id="a17" id_arc="17" weight="1" type="post" source="t8" destination="p8"/>
    <arc id="a12" id_arc="12" weight="1" type="pre" source="p6" destination="t7"/>
    <arc id="a15" id_arc="15" weight="1" type="post" source="t7" destination="p7"/>
    <arc id="a0" id_arc="0" weight="1" type="post" source="t5" destination="p6"/>
    <arc id="a46" id_arc="46" weight="1" type="pre" source="p21" destination="t22"/>
    <arc id="a4" id_arc="4" weight="1" type="post" source="t22" destination="p10"/>
    <arc id="a41" id_arc="41" weight="1" type="pre" source="p18" destination="t20"/>
    <arc id="a45" id_arc="45" weight="1" type="post" source="t20" destination="p21"/>
    <arc id="a42" id_arc="42" weight="1" type="pre" source="p10" destination="t19"/>
    <arc id="a39" id_arc="39" weight="1" type="pre" source="p17" destination="t19"/>
    <arc id="a40" id_arc="40" weight="1" type="post" source="t19" destination="p18"/>
    <arc id="a11" id_arc="11" weight="1" type="post" source="t17" destination="p3"/>
    <arc id="a44" id_arc="44" weight="1" type="post" source="t21" destination="p19"/>
    <arc id="a48" id_arc="48" weight="1" type="pre" source="p19" destination="t23"/>
    <arc id="a47" id_arc="47" weight="1" type="post" source="t23" destination="p20"/>
    <arc id="a9" id_arc="9" weight="1" type="pre" source="p20" destination="t26"/>
    <arc id="a6" id_arc="6" weight="1" type="pre" source="p25" destination="t2"/>
    <arc id="a7" id_arc="7" weight="1" type="post" source="t2" destination="p1"/>
    <arc id="a10" id_arc="10" weight="1" type="post" source="t2" destination="p25"/>
    <arc id="a1" id_arc="1" weight="1" type="post" source="t0" destination="p0"/>
    <arc id="a2" id_arc="2" weight="1" type="pre" source="p0" destination="t1"/>
    <arc id="a13" id_arc="13" weight="1" type="pre" source="p3" destination="t4"/>
    <arc id="a14" id_arc="14" weight="1" type="post" source="t4" destination="p17"/>
    <arc id="a8" id_arc="8" weight="1" type="pre" source="p1" destination="t6"/>
    <arc id="a19" id_arc="19" weight="1" type="pre" source="p8" destination="t6"/>
    <arc id="a18" id_arc="18" weight="1" type="post" source="t6" destination="p4"/>
    <arc id="a5" id_arc="5" weight="1" type="post" source="t13" destination="p14"/>
    <arc id="a31" id_arc="31" weight="1" type="pre" source="p10" destination="t15"/>
    <arc id="a32" id_arc="32" weight="1" type="pre" source="p14" destination="t15"/>
    <arc id="a33" id_arc="33" weight="1" type="post" source="t15" destination="p15"/>
    <arc id="a34" id_arc="34" weight="1" type="pre" source="p15" destination="t16"/>
    <arc id="a35" id_arc="35" weight="1" type="post" source="t16" destination="p10"/>
    <arc id="a60" id_arc="60" weight="1" type="post" source="t29" destination="p27"/>
    <arc id="a61" id_arc="61" weight="1" type="pre" source="p27" destination="t31"/>
    <arc id="a58" id_arc="58" weight="1" type="pre" source="p26" destination="t30"/>
    <arc id="a59" id_arc="59" weight="1" type="post" source="t30" destination="p25"/>
    <arc id="a54" id_arc="54" weight="1" type="post" source="t27" destination="p24"/>
    <arc id="a55" id_arc="55" weight="1" type="pre" source="p24" destination="t28"/>
</net>